FirstName, LastName
Jennifer,Smith
Charles,Coleman
Krista,George
Thomas,Harris
Lauren,Martinez
Danielle,Francis
Lynn,Richards
Nicholas,Thomas
David,Navarro
Amy,Johnson
Karen,Nunez
Justin,Cook
Crystal,Watkins
Amanda,Padilla
Richard,Roberts
Jimmy,Barber
Anthony,Trujillo
Stephanie,Fuller
Samantha,Levine
Matthew,Kim
Jeffery,Nichols
Tammy,Hughes
Leslie,Green
Deborah,Lewis
Donna,Preston
Jeremy,Griffin
Gary,Hayes
Kimberly,Kaufman
Kristy,Flores
Kimberly,Dunn
Bethany,Lloyd
Doris,Hughes
Stephen,Gomez
Michael,Castro
Gary,Torres
Shannon,Villanueva
Jesse,Butler
Derek,Romero
Mary,Obrien
James,Powell
Katherine,Ortega
Christopher,Pearson
Gina,Santiago
Karen,Cuevas
Brandon,Bailey
Robert,Fry
Ricardo,Ward
Matthew,Cain
Jeremy,Edwards
Jessica,Perez
James,Ballard
Lindsay,Peterson
Rebecca,Simpson
Melissa,Lambert
David,Fox
Christopher,Jones
Nicole,Griffin
Jennifer,Smith
James,Burke
Haley,Wallace
Leslie,Sims
Daniel,Clay
Christopher,Johnson
Amber,Wilson
Anthony,Adams
William,Barron
Tracy,Collins
Anthony,Riley
Andrea,Williams
Brooke,Peters
Jerry,Burke
Whitney,Taylor
Bryan,Morrison
Phillip,Cox
Jacob,Cook
Kristen,Jones
Brandon,Todd
Laurie,Washington
Brandon,Kaufman
Juan,Lopez
Margaret,Garcia
Jacqueline,Jones
Melissa,Goodwin
Linda,Rogers
Vanessa,Hodge
Alexander,Mccoy
Michael,Garcia
Jade,Ramirez
Danielle,Davis
John,Underwood
Tracy,Bishop
Sara,Khan
Edwin,Rowland
Thomas,Todd
Jason,Munoz
Vanessa,Murray
Barbara,Rose
Sven,Thirion
Karlin,Kappala